count,x,y,id
0,-113.39999999999999,146.4,0
1,-103.5,201.3,1
2,42.75,212.7,2
3,103.94999999999999,161.7,3
4,0.9000000000000057,144.0,4
